,service_number,direction,operator,category,origin_stop_code,destination_stop_code,AM_peak_interval,AM_offpeak_interval,PM_peak_interval,PM_offpeak_interval,service_description
0,118,1,GAS,TRUNK,65009.0,97009.0,06-08,08-15,10-12,11-15,
1,118,2,GAS,TRUNK,97009.0,65009.0,10,10-12,05-11,10-15,
2,118A,1,GAS,TRUNK,65199.0,96119.0,14-16,-,-,-,
3,118B,1,GAS,TRUNK,96111.0,65191.0,-,-,30,-,
4,119,1,GAS,TRUNK,65009.0,65009.0,16-08,18-12,17-12,15-17,Hougang St 21
5,12,1,GAS,TRUNK,77009.0,10499.0,9,09-14,9-10,11-13,
6,12,2,GAS,TRUNK,10499.0,77009.0,10,08-15,08-14,10-14,
7,12e,1,GAS,EXPRESS,77009.0,10499.0,20-30,30,20-30,20-30,
8,12e,2,GAS,EXPRESS,10499.0,77009.0,20-30,20-30,20-30,20-30,
9,136,1,GAS,TRUNK,54009.0,65009.0,09-13,10-13,10-15,15-19,
10,136,2,GAS,TRUNK,65009.0,54009.0,08-15,11-16,10-11,17-20,
11,15,1,GAS,TRUNK,77009.0,77009.0,04-09,03-13,07-15,13-16,Marine Parade Rd
12,15A,1,GAS,TRUNK,77009.0,83109.0,09-17,110,-,-,Marine Parade Rd
13,17,1,GAS,TRUNK,77009.0,84009.0,8-11,10-12,10-11,11-15,
14,17,2,GAS,TRUNK,84009.0,77009.0,5-11,5-12,5-12,5-12,
15,17A,1,GAS,TRUNK,84009.0,84591.0,04-22,10-46,10-22,22-24,Bedok Nth Dr
16,2,1,GAS,TRUNK,99009.0,10499.0,10,09-16,09-18,14-18,
17,2,2,GAS,TRUNK,10499.0,99009.0,8-12,09-17,9-12,12-18,
18,2A,1,GAS,TRUNK,10499.0,85091.0,18-26,-,17-20,-,
19,3,1,GAS,TRUNK,75009.0,65009.0,7-11,09-14,8-09,12-14,
20,3,2,GAS,TRUNK,65009.0,75009.0,8-10,09-15,9-12,12-17,
21,34,1,GAS,TRUNK,65009.0,65009.0,04-09,05-14,09-13,12-14,PTB2 Basement
22,34A,1,GAS,TRUNK,65009.0,76059.0,18-44,26-39,00-00,00-00,PTB2 Basement
23,34B,1,GAS,TRUNK,75359.0,75351.0,4-09,04-15,09-13,11-14,
24,354,1,GAS,FEEDER,77009.0,77009.0,06-08,07-09,07-08,08-15,Jln Loyang Besar
25,358,1,GAS,TOWNLINK,77009.0,77009.0,05-07,07-08,05-07,05-10,Pasir Ris Dr 4
26,359,1,GAS,TOWNLINK,77009.0,77009.0,05-08,07-10,05-08,05-13,Pasir Ris St 11
27,36,1,GAS,TRUNK,95129.0,95129.0,08,08-11,08-10,08-12,Tomlinson Rd
28,36A,1,GAS,TRUNK,95129.0,9191.0,-,-,-,11-12,Tomlinson Rd
29,36B,1,GAS,TRUNK,93049.0,93199.0,08-08,09-283,09-09,-,Tomlinson Rd
30,381,1,GAS,FEEDER,65009.0,65009.0,10-12,10-12,10-12,10-15,Punggol East
31,382G,1,GAS,FEEDER,65009.0,65009.0,08-10,08-10,08-10,08-12,Sumang Walk
32,382W,1,GAS,FEEDER,65009.0,65009.0,08-10,08-10,08-10,08-12,Sumang Walk
33,386,1,GAS,FEEDER,65009.0,65009.0,07-11,15-10,07-11,15-07,Punggol Ctrl
34,386A,1,GAS,FEEDER,65009.0,65371.0,0-0,0-0,22-40,25-30,
35,3A,1,GAS,TRUNK,75009.0,77331.0,00-00,12-75,8-37,12-124,
36,3B,1,GAS,TRUNK,77289.0,77009.0,15-16,00-00,00-00,00-00,
37,403,1,GAS,TRUNK,77009.0,77009.0,09-13,13-19,14-19,14-15,Pasir Ris Rd
38,43,1,GAS,TRUNK,65009.0,94009.0,09,08-16,13-16,15-16,
39,43,2,GAS,TRUNK,94009.0,65009.0,14,10-17,10-17,13-18,
40,43M,1,GAS,TRUNK,65009.0,65009.0,07-10,08-17,04-15,13-16,S'goon Ctrl
41,518,1,GAS,EXPRESS,77009.0,77009.0,17-20,15-20,15-20,13-20,Bayfront Ave
42,518A,1,GAS,EXPRESS,77009.0,3519.0,30,-,-,-,
43,6,1,GAS,TRUNK,77009.0,77009.0,07-08,07-17,07-08,08,Loyang Cres
44,62,1,GAS,TRUNK,65009.0,65009.0,08-09,17-08,14-08,17-12,Sims Ave
45,62A,1,GAS,TRUNK,65009.0,81089.0,00-00,00-00,28,28,Sims Ave
46,661,1,GAS,EXPRESS,78111.0,3391.0,20,-,-,-,
47,661,2,GAS,EXPRESS,3539.0,78119.0,15,-,-,-,
48,68,1,GAS,TRUNK,77009.0,77009.0,15,15,15,15,Tampines Ctrl 1
49,82,1,GAS,TRUNK,65009.0,65009.0,13-15,15-12,17-12,14-18,S'goon Ctrl
50,83,1,GAS,TRUNK,65009.0,65009.0,10-13,09-14,10-10,12-16,Sengkang Sq
51,84,1,GAS,TRUNK,65009.0,65009.0,10,10,10,10-15,Punggol Rd
52,85,1,GAS,TRUNK,65009.0,59009.0,10-16,10-16,10,11-18,
53,85,2,GAS,TRUNK,59009.0,65009.0,10-15,10-16,10,16-18,
54,85A,1,GAS,TRUNK,59009.0,67441.0,10-14,10-15,9-10,11-18,
55,10,1,SBST,TRUNK,75009.0,16009.0,08-09,06-17,10-15,11-18,
56,10,2,SBST,TRUNK,16009.0,75009.0,10-11,10-16,09-13,12-20,
57,100,1,SBST,TRUNK,66009.0,11009.0,06-12,07-17,06-15,12-24,
58,100,2,SBST,TRUNK,11009.0,66009.0,06-09,06-13,08-13,13-15,
59,100A,1,SBST,TRUNK,66009.0,81089.0,16-36,-,15-26,20-20,
60,101,1,SBST,TRUNK,66009.0,66009.0,08-09,07-13,08-09,08-14,Buangkok Link
61,102,1,SBST,TRUNK,64009.0,64009.0,10-11,10-13,11-12,11-15,Seletar Aerospace Avenue
62,103,1,SBST,TRUNK,66009.0,59009.0,08-11,09-15,10-12,10-15,
63,103,2,SBST,TRUNK,59009.0,66009.0,09-11,09-16,10-10,14-17,
64,105,1,SBST,TRUNK,66009.0,28009.0,08-11,07-15,09-16,11-16,
65,105,2,SBST,TRUNK,28009.0,66009.0,07-15,08-15,09-14,12-14,
66,105B,1,SBST,TRUNK,28009.0,17179.0,14-14,-,-,-,
67,107,1,SBST,TRUNK,64009.0,3239.0,07-10,09-17,09-17,17-17,
68,107,2,SBST,TRUNK,3239.0,64009.0,13-15,09-16,09-10,09-10,
69,107M,1,SBST,TRUNK,64009.0,64009.0,14-15,09-17,13-16,13-14,Raffles Blvd
70,109,1,SBST,TRUNK,66009.0,99009.0,9-15,08-17,08-20,11-15,
71,109,2,SBST,TRUNK,99009.0,66009.0,10-15,09-17,10-13,13-19,
72,109A,1,SBST,TRUNK,66009.0,64611.0,-,-,28-28,15-26,
73,10e,1,SBST,EXPRESS,85049.0,3217.0,10-14,-,-,-,
74,10e,2,SBST,EXPRESS,3222.0,85041.0,-,-,10-10,-,
75,11,1,SBST,TRUNK,80009.0,80009.0,15-17,15-19,15-19,15-18,Rhu Cross
76,111,1,SBST,TRUNK,11009.0,11009.0,9-10,9-14,11-11,10-14,Temasek Ave
77,112,1,SBST,TRUNK,64009.0,64009.0,10-13,10-14,10-13,12-15,Hougang St 92
78,112A,1,SBST,TRUNK,64009.0,63031.0,-,-,-,15-15,
79,113,1,SBST,TRUNK,64009.0,64009.0,14-15,11-18,16-18,11-17,Upp Paya Lebar Rd
80,113A,1,SBST,TRUNK,63039.0,63031.0,-,-,16-21,-,Upp Paya Lebar Rd
81,115,1,SBST,TRUNK,63221.0,63221.0,31-31,29-50,32-32,-,Hougang Ave 3
82,116,1,SBST,TRUNK,64009.0,64009.0,09-10,10-14,10-10,10-14,S'goon Ctrl
83,117,1,SBST,TRUNK,65009.0,58009.0,12-12,12-15,13-13,14-15,
84,117,2,SBST,TRUNK,58009.0,65009.0,12-13,13-15,14-15,14-15,
85,117A,1,SBST,TRUNK,59479.0,59041.0,13-13,-,-,-,
86,117B,1,SBST,TRUNK,58009.0,59073.0,-,-,-,-,
87,120,1,SBST,TRUNK,10499.0,10499.0,11-12,12-15,12-13,12-16,Telok Blangah Hts
88,121,1,SBST,TRUNK,10499.0,10499.0,10-10,10-13,10-12,10-12,Telok Blangah Rise
89,122,1,SBST,TRUNK,10499.0,10499.0,11-13,12-16,13-17,13-17,C'wealth Dr
90,123,1,SBST,TRUNK,10009.0,14539.0,10-13,12-15,12-16,14-16,
91,123,2,SBST,TRUNK,14539.0,10009.0,11-11,11-15,12-15,14-15,
92,123M,1,SBST,TRUNK,14009.0,14009.0,10-14,10-20,12-15,14-15,Tiong Bahru Rd
93,124,1,SBST,TRUNK,52499.0,14009.0,06-08,06-10,06-08,06-10,
94,124,2,SBST,TRUNK,14009.0,52499.0,05-09,05-10,05-09,07-11,
95,125,1,SBST,TRUNK,52499.0,52499.0,11-12,9-18,9-17,15-18,Sims Dr
96,125A,1,SBST,TRUNK,81081.0,60219.0,07-13,-,-,-,
97,127,1,SBST,TRUNK,75009.0,75009.0,10-10,15-20,10-15,10-20,Tampines Ind Ave 5
98,127A,1,SBST,TRUNK,75009.0,75281.0,-,-,-,19-19,
99,128,1,SBST,TRUNK,55009.0,3239.0,15-15,-,-,-,
100,128,2,SBST,TRUNK,3239.0,55009.0,-,-,15-15,-,
101,129,1,SBST,TRUNK,75019.0,52499.0,12-12,15-15,12-15,12-15,
102,129,2,SBST,TRUNK,52499.0,75019.0,12-12,15-15,12-15,12-15,
103,13,1,SBST,TRUNK,55509.0,94009.0,09-11,08-13,10-14,13-17,
104,13,2,SBST,TRUNK,94009.0,55509.0,10-13,08-14,08-11,11-19,
105,130,1,SBST,TRUNK,54009.0,3239.0,08-10,10-14,10-16,14-16,
106,130,2,SBST,TRUNK,3239.0,54009.0,12-14,10-14,10-14,13-15,
107,130A,1,SBST,TRUNK,54009.0,53189.0,10-22,10-42,-,-,
108,131,1,SBST,TRUNK,52499.0,10009.0,07-11,09-14,09-10,10-14,
109,131,2,SBST,TRUNK,10009.0,52499.0,09-10,09-14,09-10,10-13,
110,131A,1,SBST,TRUNK,52499.0,3217.0,21-21,-,-,-,
111,131M,1,SBST,TRUNK,10009.0,10009.0,27-33,29-29,24-33,33-33,Bt Purmei Ave
112,132,1,SBST,TRUNK,64009.0,10009.0,09-16,08-19,13-19,13-19,
113,132,2,SBST,TRUNK,10009.0,64009.0,11-15,10-19,07-14,15-16,
114,133,1,SBST,TRUNK,54009.0,3239.0,08-09,09-12,09-12,10-12,
115,133,2,SBST,TRUNK,3239.0,54009.0,11-12,08-11,08-09,10-11,
116,134,1,SBST,TRUNK,80289.0,80289.0,10-10,10-12,12-12,11-12,Marine Terr
117,135,1,SBST,TRUNK,54009.0,54009.0,10-11,09-14,11-17,12-15,Siglap Rd
118,135A,1,SBST,TRUNK,54009.0,93201.0,-,-,-,14-14,Siglap Rd
119,137,1,SBST,TRUNK,80289.0,94009.0,15-15,15-15,15-15,15-15,
120,137,2,SBST,TRUNK,94009.0,80289.0,15-15,15-15,15-15,15-15,
121,137A,1,SBST,TRUNK,84031.0,84451.0,15-19,-,-,-,
122,138,1,SBST,TRUNK,54009.0,54009.0,10-11,08-11,08-11,08-12,Mandai Lake Rd
123,138A,1,SBST,TRUNK,54009.0,48131.0,-,13-14,-,-,Mandai Lake Rd
124,138B,1,SBST,TRUNK,54009.0,55121.0,-,-,22-22,14-24,
125,139,1,SBST,TRUNK,52009.0,10009.0,08-10,10-15,10-13,13-17,
126,139,2,SBST,TRUNK,10009.0,52009.0,10-12,09-16,10-13,12-17,
127,139M,1,SBST,TRUNK,52009.0,52009.0,10-19,12-20,10-20,12-18,Jln Bahagia
128,13A,1,SBST,TRUNK,54019.0,53231.0,10-19,11-19,-,-,
129,14,1,SBST,TRUNK,84009.0,17009.0,09-12,07-16,14-15,10-19,
130,14,2,SBST,TRUNK,17009.0,84009.0,12-14,09-16,10-12,13-17,
131,140,1,SBST,TRUNK,80009.0,80009.0,14-14,14-15,14-15,14-15,St. Wilfred Rd
132,141,1,SBST,TRUNK,80009.0,52009.0,11-13,13-15,14-15,13-15,
133,141,2,SBST,TRUNK,52009.0,80009.0,10-12,12-15,11-15,13-15,
134,142,1,SBST,TRUNK,52009.0,52009.0,08-09,07-10,08-08,08-11,Potong Pasir Ave 1
135,142A,1,SBST,TRUNK,52009.0,60209.0,-,-,-,-,Potong Pasir Ave 1
136,145,1,SBST,TRUNK,52009.0,11379.0,06-08,06-14,09-11,11-14,
137,145,2,SBST,TRUNK,11379.0,52009.0,07-09,06-11,06-10,12-14,
138,145A,1,SBST,TRUNK,10209.0,14249.0,09-24,12-26,-,-,
139,147,1,SBST,TRUNK,64009.0,17009.0,06-11,06-18,09-13,07-13,
140,147,2,SBST,TRUNK,17009.0,64009.0,07-10,08-14,07-10,09-11,
141,147A,1,SBST,TRUNK,64009.0,5019.0,17-23,15-51,-,-,
142,147e,1,SBST,EXPRESS,4239.0,17009.0,20-20,20-30,20-30,20-30,
143,147e,2,SBST,EXPRESS,17009.0,4222.0,20-30,20-30,20-20,20-30,
144,14A,1,SBST,TRUNK,84009.0,9059.0,18-18,14-24,-,-,
145,14e,1,SBST,EXPRESS,84211.0,9048.0,12-13,-,-,-,
146,14e,2,SBST,EXPRESS,9048.0,84219.0,-,-,12-12,-,
147,150,1,SBST,TRUNK,82009.0,82009.0,12-12,13-15,12-13,14-15,Marine Terr
148,151,1,SBST,TRUNK,64009.0,16009.0,06-12,06-15,08-10,14-17,
149,151,2,SBST,TRUNK,16009.0,64009.0,07-13,07-17,08-09,10-20,
150,151e,1,SBST,EXPRESS,64009.0,16009.0,15-15,-,-,-,
151,151e,2,SBST,EXPRESS,16009.0,64009.0,-,-,15-15,-,
152,153,1,SBST,TRUNK,10009.0,64009.0,10-14,10-16,9-11,15-16,
153,153,2,SBST,TRUNK,64009.0,10009.0,10-14,8-15,9-18,15-19,
154,154,1,SBST,TRUNK,22009.0,82009.0,05-10,07-19,06-16,09-19,
155,154,2,SBST,TRUNK,82009.0,22009.0,09-13,06-14,06-11,08-15,
156,154A,1,SBST,TRUNK,21551.0,28091.0,22-25,-,-,-,
157,154B,1,SBST,TRUNK,22009.0,12101.0,08-42,-,-,-,
158,155,1,SBST,TRUNK,52009.0,84009.0,10-15,09-16,15-17,14-17,
159,155,2,SBST,TRUNK,84009.0,52009.0,10-12,10-18,10-17,16-17,
160,156,1,SBST,TRUNK,67009.0,17009.0,09-17,09-17,11-15,15-19,
161,156,2,SBST,TRUNK,17009.0,67009.0,11-14,09-17,10-14,15-17,
162,157,1,SBST,TRUNK,52009.0,22009.0,08-14,07-15,08-10,11-15,
163,157,2,SBST,TRUNK,22009.0,52009.0,09-11,07-15,08-12,11-17,
164,158,1,SBST,TRUNK,66009.0,66009.0,11-13,10-16,13-14,13-17,Rhu Cross
165,158A,1,SBST,TRUNK,81089.0,81081.0,24-27,-,-,-,Rhu Cross
166,159,1,SBST,TRUNK,67009.0,52009.0,05-14,05-13,08-12,11-13,
167,159,2,SBST,TRUNK,52009.0,67009.0,08-15,05-15,09-12,10-13,
168,159A,1,SBST,TRUNK,67009.0,54399.0,12-25,15-15,-,-,
169,159B,1,SBST,TRUNK,54391.0,54481.0,03-55,-,-,-,
170,16,1,SBST,TRUNK,84009.0,10009.0,08-09,07-13,10-12,10-12,
171,16,2,SBST,TRUNK,10009.0,84009.0,10-10,07-13,10-11,10-13,
172,160,1,SBST,TRUNK,28009.0,28009.0,15-18,12-20,14-17,15-20,Jln Jim Quee
173,160A,1,SBST,TRUNK,28009.0,43671.0,13-15,15-15,15-15,14-15,
174,161,1,SBST,TRUNK,64009.0,46009.0,5-9,6-11,7-9,9-13,
175,161,2,SBST,TRUNK,46009.0,64009.0,5-10,6-10,6-10,8-12,
176,162,1,SBST,TRUNK,55509.0,3239.0,10-11,09-15,09-10,-,
177,162,2,SBST,TRUNK,3239.0,55509.0,14-15,08-15,12-19,19-19,
178,162M,1,SBST,TRUNK,55509.0,55509.0,11-13,12-15,14-15,14-15,Temasek Ave
179,163,1,SBST,TRUNK,67009.0,52009.0,09-12,09-16,10-17,14-18,
180,163,2,SBST,TRUNK,52009.0,67009.0,10-15,07-18,07-15,10-17,
181,163A,1,SBST,TRUNK,67009.0,67651.0,-,-,-,16-17,
182,165,1,SBST,TRUNK,64009.0,17009.0,08-14,09-17,10-11,13-17,
183,165,2,SBST,TRUNK,17009.0,64009.0,10-12,09-14,09-15,12-15,
184,166,1,SBST,TRUNK,54009.0,17009.0,08-10,08-19,09-13,13-19,
185,166,2,SBST,TRUNK,17009.0,54009.0,09-11,06-16,10-18,13-19,
186,168,1,SBST,TRUNK,84009.0,46009.0,5-9,6-11,6-11,10-13,
187,168,2,SBST,TRUNK,46009.0,84009.0,5-7,6-12,6-9,8-12,
188,170,1,SBST,TRUNK,1109.0,46239.0,12-18,13-20,18-19,12-15,
189,170,2,SBST,TRUNK,46239.0,1109.0,14-15,13-18,17-18,13-18,
190,170A,1,SBST,TRUNK,1109.0,46069.0,19-21,16-28,20-21,15-21,
191,170X,1,SBST,TRUNK,45131.0,47711.0,04-09,05-17,05-09,07-11,
192,170X,2,SBST,TRUNK,47711.0,45139.0,06-10,05-17,05-09,07-11,
193,174,1,SBST,TRUNK,22009.0,10499.0,09-10,05-14,12-19,12-19,
194,174,2,SBST,TRUNK,10499.0,22009.0,14-15,08-14,12-15,14-16,
195,174e,1,SBST,EXPRESS,22009.0,10499.0,13-13,-,-,-,
196,174e,2,SBST,EXPRESS,10499.0,22009.0,-,-,13-14,-,
197,175,1,SBST,TRUNK,17009.0,80009.0,11-15,10-20,15-15,17-19,
198,175,2,SBST,TRUNK,80009.0,17009.0,10-13,12-19,11-18,20-20,
199,179,1,SBST,TRUNK,22009.0,22009.0,04-08,03-06,04-06,05-07,Nanyang Dr
200,179A,1,SBST,TRUNK,22009.0,22009.0,02-07,04-08,-,-,Nanyang Dr
201,18,1,SBST,TRUNK,75019.0,75019.0,11-14,12-17,15-17,12-15,Bedok Nth Dr
202,181,1,SBST,TRUNK,22009.0,22009.0,6-8,6-10,6-8,7-12,Jurong West Ave 3
203,181M,1,SBST,TRUNK,22009.0,22009.0,06-07,-,-,-,Jurong West St 23
204,182,1,SBST,TRUNK,24009.0,24009.0,07-09,08-18,-,17-18,Tuas Sth Ave 9
205,182M,1,SBST,TRUNK,24009.0,24009.0,-,07-19,08-11,11-19,Tuas Sth Ave 9
206,185,1,SBST,TRUNK,22609.0,11389.0,10-18,11-18,12-15,13-15,
207,185,2,SBST,TRUNK,11379.0,22199.0,10-17,10-15,10-20,14-16,
208,186,1,SBST,TRUNK,3239.0,52499.0,14-17,11-19,11-14,11-17,
209,186,2,SBST,TRUNK,52499.0,3239.0,9-14,11-18,14-19,15-19,
210,19,1,SBST,TRUNK,75009.0,75009.0,06-07,06-16,06-08,08-14,Airport Cargo Rd
211,191,1,SBST,TRUNK,11379.0,11379.0,15-20,15-20,15-15,20-20,Media Circle
212,192,1,SBST,TRUNK,22009.0,25009.0,06-10,07-15,07-10,07-13,
213,192,2,SBST,TRUNK,25009.0,22009.0,08-09,07-13,05-09,13-14,
214,193,1,SBST,TRUNK,22009.0,25009.0,06-10,05-19,07-18,07-19,
215,193,2,SBST,TRUNK,25009.0,22009.0,09-18,07-19,07-09,08-18,
216,194,1,SBST,TRUNK,22009.0,22009.0,09-10,09-13,09-16,15-16,Jln Ahmad Ibrahim
217,195,1,SBST,TRUNK,2099.0,2089.0,08-13,07-23,08-17,08-16,C'wealth Ave
218,195A,1,SBST,TRUNK,2099.0,10169.0,-,23-53,-,-,C'wealth Ave
219,196,1,SBST,TRUNK,84009.0,17009.0,07-08,06-17,09-11,09-14,
220,196,2,SBST,TRUNK,17009.0,84009.0,11-14,05-15,08-13,11-13,
221,196A,1,SBST,TRUNK,84009.0,3218.0,-,-,-,-,
222,196e,1,SBST,EXPRESS,93049.0,3218.0,08-08,-,-,-,
223,196e,2,SBST,EXPRESS,3222.0,93041.0,-,-,08-08,-,
224,197,1,SBST,TRUNK,84009.0,28009.0,10-11,08-18,10-16,11-18,
225,197,2,SBST,TRUNK,28009.0,84009.0,07-16,09-18,10-15,13-15,
226,198,1,SBST,TRUNK,22009.0,10009.0,4-9,5-12,6-8,6-14,
227,198,2,SBST,TRUNK,10009.0,22009.0,4-9,5-12,5-9,9-13,
228,198A,1,SBST,TRUNK,22009.0,28459.0,-,-,09-17,08-19,
229,199,1,SBST,TRUNK,22009.0,22009.0,04-09,04-16,06-08,06-15,Nanyang Cres
230,1N,1,SBST,NIGHT SERVICE,2099.0,59561.0,-,-,-,40-40,
231,20,1,SBST,TRUNK,75009.0,75009.0,09-11,10-13,10-12,11-15,Changi Business Pk Ave 3
232,200,1,SBST,TRUNK,11379.0,11389.0,9-10,9-30,9-10,14-27,Clementi Rd
233,200A,1,SBST,TRUNK,11379.0,16009.0,-,-,-,-,Clementi Rd
234,201,1,SBST,TRUNK,16009.0,16009.0,10-12,11-15,10-14,12-15,Pandan Gdns
235,21,1,SBST,TRUNK,77009.0,52499.0,07-12,08-15,11-14,12-14,
236,21,2,SBST,TRUNK,52499.0,77009.0,09-11,08-14,09-14,12-15,
237,21A,1,SBST,TRUNK,80089.0,7231.0,-,-,05-24,-,
238,22,1,SBST,TRUNK,54009.0,75009.0,08-10,10-18,08-10,13-18,
239,22,2,SBST,TRUNK,75009.0,54009.0,09-10,09-17,09-10,10-15,
240,222,1,SBST,FEEDER,84009.0,84009.0,04-07,04-10,05-06,05-14,Chai Chee Dr
241,222A,1,SBST,FEEDER,84009.0,84039.0,26-26,-,-,-,
242,222B,1,SBST,FEEDER,84039.0,84031.0,31-45,-,35-35,46-46,Chai Chee Dr
243,225G,1,SBST,FEEDER,84009.0,84009.0,03-05,03-13,03-06,04-12,Bedok Nth St 3
244,225W,1,SBST,FEEDER,84009.0,84009.0,04-06,05-09,04-07,04-10,Bedok Nth St 3
245,228,1,SBST,FEEDER,84009.0,84009.0,8-9,8-17,8-10,9-26,Bedok Reservoir Rd
246,229,1,SBST,FEEDER,84009.0,84009.0,7-9,8-14,7-9,7-16,Bedok Sth Rd
247,23,1,SBST,TRUNK,75009.0,75009.0,06-07,05-12,06-09,08-16,Rochor Canal Rd
248,231,1,SBST,FEEDER,52009.0,52009.0,9-9,8-13,9-10,9-11,Lor 5 Toa Payoh
249,232,1,SBST,FEEDER,52009.0,52009.0,05-06,05-09,05-06,05-11,Toa Payoh East
250,235,1,SBST,FEEDER,52009.0,52009.0,6-8,7-10,7-8,7-11,Toa Payoh Rise
251,238,1,SBST,FEEDER,52009.0,52009.0,3-6,2-7,2-6,3-6,Lor 8 Toa Payoh
252,24,1,SBST,TRUNK,54009.0,54009.0,08-09,08-11,08-13,13-15,PTB2 Basement
253,240,1,SBST,FEEDER,22009.0,22009.0,7-8,6-10,6-9,8-12,Jln Ahmad Ibrahim
254,240A,1,SBST,FEEDER,21581.0,28091.0,05-14,-,-,-,
255,240M,1,SBST,TRUNK,28091.0,28099.0,18-18,-,18-18,-,Jurong West St 64
256,241,1,SBST,FEEDER,22009.0,22009.0,5-7,3-9,3-4,3-8,Jurong West St 91
257,241A,1,SBST,FEEDER,27271.0,22529.0,05-16,05-20,-,-,Jurong West St 91
258,242,1,SBST,FEEDER,22009.0,22009.0,6-7,6-10,6-9,6-10,Jurong West Ave 5
259,243G,1,SBST,FEEDER,22009.0,22009.0,05-06,03-06,04-04,04-08,Jurong West Ave 5
260,243W,1,SBST,FEEDER,22009.0,22009.0,05-08,03-07,03-05,03-10,Jurong West Ave 5
261,246,1,SBST,INDUSTRIAL,22009.0,22009.0,11-12,11-16,11-14,15-19,Boon Lay Dr
262,247,1,SBST,INDUSTRIAL,25009.0,25009.0,10-10,10-15,10-13,13-15,Tuas Bay Link
263,248,1,SBST,INDUSTRIAL,25009.0,25009.0,10-10,10-15,10-12,12-15,Tuas Sth Ave 14
264,249,1,SBST,INDUSTRIAL,22009.0,22009.0,6-9,6-18,8-10,13-26,Jln Samulun
265,25,1,SBST,TRUNK,54009.0,94009.0,05-06,05-11,05-08,12-16,
266,25,2,SBST,TRUNK,94009.0,54009.0,05-06,05-11,05-06,06-14,
267,251,1,SBST,INDUSTRIAL,22009.0,22009.0,06-07,08-18,08-11,11-18,Shipyard Rd
268,252,1,SBST,INDUSTRIAL,22009.0,22009.0,8-10,7-18,7-9,8-20,Joo Koon Rd
269,253,1,SBST,INDUSTRIAL,24009.0,24009.0,09-10,10-14,10-12,12-14,Benoi Rd
270,254,1,SBST,TRUNK,24009.0,24009.0,07-08,07-14,07-11,11-15,Tuas Ave 11
271,255,1,SBST,INDUSTRIAL,24009.0,24009.0,07-07,07-11,07-07,10-14,Gul Cres
272,257,1,SBST,INDUSTRIAL,24009.0,24009.0,6-6,6-15,6-6,6-16,Pioneer Sector 2
273,258,1,SBST,INDUSTRIAL,24009.0,24009.0,10-12,11-14,11-14,11-14,Jurong West St 64
274,26,1,SBST,TRUNK,84009.0,52009.0,08-09,08-13,08-10,08-13,
275,26,2,SBST,TRUNK,52009.0,84009.0,07-10,08-11,09-10,09-13,
276,261,1,SBST,FEEDER,54009.0,54009.0,04-05,05-07,04-06,05-09,Ang Mo Kio Ave 10
277,262,1,SBST,FEEDER,54009.0,54009.0,07-08,10-12,07-10,08-15,Ang Mo Kio Ave 2
278,265,1,SBST,FEEDER,55009.0,55009.0,05-07,05-11,05-07,07-13,Ang Mo Kio Ave 10
279,268,1,SBST,FEEDER,55009.0,55009.0,06-08,07-13,07-08,07-14,Ang Mo Kio Ave 5
280,268A,1,SBST,FEEDER,55009.0,54659.0,28-30,-,-,-,Ang Mo Kio Ave 5
281,268B,1,SBST,FEEDER,55309.0,54261.0,34-35,-,33-33,-,
282,268C,1,SBST,FEEDER,54269.0,55301.0,31-31,-,34-34,-,
283,269,1,SBST,FEEDER,54009.0,54009.0,04-06,04-08,04-06,05-14,Ang Mo Kio St 61
284,269A,1,SBST,FEEDER,54009.0,55169.0,-,19-22,16-26,11-51,Ang Mo Kio St 61
285,27,1,SBST,TRUNK,64009.0,64009.0,06-08,06-08,07-10,09-11,PTB2 Basement
286,272,1,SBST,FEEDER,10009.0,10009.0,8-10,7-16,8-12,12-16,Telok Blangah Rise
287,273,1,SBST,FEEDER,10009.0,10009.0,7-9,7-12,8-10,8-14,Henderson Rd
288,27A,1,SBST,TRUNK,67261.0,76139.0,05-12,07-08,-,-,
289,28,1,SBST,TRUNK,75009.0,52009.0,09-12,07-14,13-16,13-14,
290,28,2,SBST,TRUNK,52009.0,75009.0,09-14,07-15,07-11,12-17,
291,29,1,SBST,TRUNK,75009.0,75009.0,08-10,07-15,09-10,09-20,Changi Village Rd
292,291,1,SBST,FEEDER,75009.0,75009.0,03-05,03-09,03-06,05-12,Tampines St 81
293,292,1,SBST,FEEDER,75009.0,75009.0,08-08,09-15,08-08,10-15,Tampines St 22
294,293,1,SBST,FEEDER,75009.0,75009.0,04-06,04-08,04-08,06-14,Tampines St 71
295,298,1,SBST,FEEDER,75019.0,75019.0,10-10,10-12,10-12,10-16,Tampines Street 86
296,29A,1,SBST,TRUNK,75009.0,76241.0,-,-,26-38,36-36,
297,2N,1,SBST,NIGHT SERVICE,2099.0,75109.0,-,-,-,40-40,
298,30,1,SBST,TRUNK,84009.0,22009.0,08-09,06-18,14-15,11-16,
299,30,2,SBST,TRUNK,22009.0,84009.0,09-10,08-15,08-15,11-18,
300,30e,1,SBST,EXPRESS,84009.0,16061.0,12-12,-,-,-,
301,30e,2,SBST,EXPRESS,16069.0,84009.0,-,-,12-12,-,
302,31,1,SBST,TRUNK,75009.0,52009.0,06-11,06-17,09-11,14-15,
303,31,2,SBST,TRUNK,52009.0,75009.0,09-09,08-16,09-10,13-17,
304,315,1,SBST,FEEDER,66009.0,66009.0,8-9,8-14,9-10,10-14,S'goon Nth Ave 5
305,317,1,SBST,FEEDER,66009.0,66009.0,7-9,8-16,8-10,9-17,Berwick Dr
306,31A,1,SBST,TRUNK,75009.0,85099.0,08-11,10-29,-,-,
307,32,1,SBST,TRUNK,84009.0,11389.0,10-17,10-18,14-18,15-17,
308,32,2,SBST,TRUNK,11379.0,84009.0,12-14,09-20,12-13,15-19,
309,324,1,SBST,FEEDER,64009.0,64009.0,09-10,09-15,09-10,09-15,Upp Serangoon View
310,325,1,SBST,FEEDER,64009.0,64009.0,9-10,9-13,9-10,10-13,Hougang St 91
311,329,1,SBST,FEEDER,64009.0,64009.0,10-10,12-12,10-12,10-15,Buangkok Cres
312,33,1,SBST,TRUNK,84009.0,16009.0,09-16,09-16,12-14,12-15,
313,33,2,SBST,TRUNK,16009.0,84009.0,08-14,08-16,09-11,11-16,
314,33A,1,SBST,TRUNK,16009.0,10149.0,-,-,-,-,
315,33B,1,SBST,TRUNK,84009.0,81179.0,17-17,09-41,-,-,
316,35,1,SBST,TRUNK,84009.0,84009.0,09-10,09-15,09-15,15-15,Alps Ave
317,35M,1,SBST,TRUNK,84009.0,84009.0,-,-,-,15-20,Tanah Merah Ferry Rd
318,37,1,SBST,TRUNK,75009.0,75009.0,09-09,09-17,10-12,12-12,Changi Nth Cres
319,371,1,SBST,FEEDER,67009.0,67009.0,10-10,8-13,10-13,8-14,Rivervale Cres
320,372,1,SBST,FEEDER,67009.0,67009.0,7-9,8-12,9-10,8-11,Punggol Rd
321,374,1,SBST,FEEDER,67759.0,67759.0,11-11,12-12,10-12,11-15,Fernvale Rd
322,38,1,SBST,TRUNK,75009.0,84009.0,09-10,09-14,09-14,12-15,
323,38,2,SBST,TRUNK,84009.0,75009.0,09-10,08-14,09-10,11-16,
324,39,1,SBST,TRUNK,75019.0,59009.0,07-13,08-15,08-10,14-18,
325,39,2,SBST,TRUNK,59009.0,75019.0,08-12,07-14,09-10,13-16,
326,3N,1,SBST,NIGHT SERVICE,2099.0,45301.0,-,-,-,40-40,
327,4,1,SBST,TRUNK,75009.0,75009.0,10-12,11-13,10-13,11-12,Changi Nth Way
328,40,1,SBST,TRUNK,84009.0,84009.0,12-14,13-18,15-18,18-20,Merpati Rd
329,400,1,SBST,TRUNK,3239.0,3239.0,15-15,18-20,14-15,19-20,Marina Gdns Dr
330,401,1,SBST,TRUNK,84009.0,84009.0,-,21-25,25-26,25-27,Fort Rd
331,402,1,SBST,TRUNK,3239.0,3239.0,08-13,11-18,13-18,15-17,Marina Coastal Dr
332,405,1,SBST,TRUNK,22009.0,22009.0,22-22,25-26,-,-,Old Choa Chu Kang Rd
333,410,1,SBST,FEEDER,53009.0,53009.0,05-06,05-10,04-05,04-12,Shunfu Rd
334,410,2,SBST,FEEDER,53009.0,53009.0,05-06,05-12,06-06,06-14,Shunfu Rd
335,410G,1,SBST,FEEDER,53009.0,53009.0,05-07,06-12,06-07,06-14,Shunfu Rd
336,410W,1,SBST,FEEDER,53009.0,53009.0,05-06,05-10,04-05,04-12,Shunfu Rd
337,42,1,SBST,TRUNK,83321.0,83321.0,09-11,09-19,10-15,08-18,Fidelio St
338,45,1,SBST,TRUNK,94009.0,55009.0,08-16,08-18,08-13,08-18,
339,45,2,SBST,TRUNK,55009.0,94009.0,11-14,08-19,08-10,16-18,
340,45A,1,SBST,TRUNK,63291.0,62139.0,26-27,-,-,-,
341,46,1,SBST,TRUNK,94009.0,75009.0,12-12,13-15,12-12,12-16,
342,46,2,SBST,TRUNK,75009.0,94009.0,12-12,14-15,12-15,12-16,
343,47,1,SBST,TRUNK,97009.0,97009.0,09-10,09-13,10-10,12-14,Amber Rd
344,48,1,SBST,TRUNK,84431.0,11379.0,06-09,07-17,11-13,13-19,
345,48,2,SBST,TRUNK,11379.0,84299.0,10-13,09-16,08-17,14-18,
346,4N,1,SBST,NIGHT SERVICE,2099.0,78059.0,-,-,-,40-40,
347,5,1,SBST,TRUNK,77009.0,10009.0,06-14,07-17,12-14,12-18,
348,5,2,SBST,TRUNK,10009.0,77009.0,09-13,09-16,08-16,11-17,
349,50,1,SBST,TRUNK,53009.0,65009.0,08-13,09-13,10-13,12-15,
350,50,2,SBST,TRUNK,65009.0,53009.0,08-14,10-14,11-15,12-13,
351,502,1,SBST,EXPRESS,22609.0,22609.0,15-15,13-22,11-22,18-22,Central Blvd
352,502A,1,SBST,EXPRESS,22609.0,3529.0,20-20,-,-,-,
353,506,1,SBST,EXPRESS,28009.0,94009.0,12-15,12-22,16-24,19-24,
354,506,2,SBST,EXPRESS,94009.0,28009.0,15-19,14-22,13-18,19-21,
355,51,1,SBST,TRUNK,64009.0,28009.0,10-11,08-19,11-13,12-15,
356,51,2,SBST,TRUNK,28009.0,64009.0,12-14,09-17,08-16,10-16,
357,513,1,SBST,EXPRESS,75129.0,3218.0,07-08,-,-,-,
358,513,2,SBST,EXPRESS,3222.0,75121.0,-,-,15-15,-,
359,51A,1,SBST,TRUNK,28009.0,20191.0,-,-,-,17-17,
360,52,1,SBST,TRUNK,53009.0,28009.0,09-13,09-16,11-13,13-15,
361,52,2,SBST,TRUNK,28009.0,53009.0,08-16,10-17,11-20,14-19,
362,53,1,SBST,TRUNK,53009.0,53009.0,07-11,05-11,06-12,09-12,PTB2 Basement
363,53A,1,SBST,TRUNK,77289.0,95129.0,-,-,-,-,PTB2 Basement
364,53M,1,SBST,TRUNK,63261.0,63269.0,6-17,4-25,7-22,5-23,S'goon Ctrl
365,54,1,SBST,TRUNK,53009.0,10499.0,10-15,11-15,13-15,12-15,
366,54,2,SBST,TRUNK,10499.0,53009.0,13-19,10-15,11-18,11-18,
367,55,1,SBST,TRUNK,53009.0,94009.0,08-10,09-13,11-14,13-19,
368,55,2,SBST,TRUNK,94009.0,53009.0,09-10,09-15,09-14,12-14,
369,55B,1,SBST,TRUNK,53009.0,54381.0,-,-,-,15-15,
370,56,1,SBST,TRUNK,53009.0,2099.0,10-11,10-18,13-14,13-17,
371,56,2,SBST,TRUNK,2099.0,53009.0,10-16,10-17,11-15,15-16,
372,57,1,SBST,TRUNK,53009.0,10009.0,08-12,10-18,13-16,13-17,
373,57,2,SBST,TRUNK,10009.0,53009.0,09-15,08-17,09-15,14-18,
374,58,1,SBST,TRUNK,53009.0,77009.0,07-10,07-17,11-13,17-18,
375,58,2,SBST,TRUNK,77009.0,53009.0,08-10,08-19,07-14,15-17,
376,58A,1,SBST,TRUNK,62131.0,75351.0,-,-,-,-,
377,58B,1,SBST,TRUNK,77009.0,70281.0,-,-,-,-,
378,59,1,SBST,TRUNK,53009.0,99009.0,09-10,08-17,13-17,15-17,
379,59,2,SBST,TRUNK,99009.0,53009.0,10-13,08-16,08-19,14-19,
380,5N,1,SBST,NIGHT SERVICE,2099.0,27159.0,-,-,-,40-40,
381,60,1,SBST,TRUNK,82009.0,82009.0,06-10,05-10,05-12,06-16,Bedok Nth Dr
382,60A,1,SBST,TRUNK,82009.0,84511.0,-,-,10-14,11-52,
383,63,1,SBST,TRUNK,82009.0,82009.0,07-09,09-16,08-14,09-14,Jln Rumah Tinggi
384,63M,1,SBST,TRUNK,82009.0,82009.0,08-14,11-18,14-16,10-14,Circuit Rd
385,64,1,SBST,TRUNK,80289.0,80289.0,10-12,12-16,14-17,13-16,Mei Ling St
386,65,1,SBST,TRUNK,75009.0,14009.0,09-10,08-16,10-11,10-15,
387,65,2,SBST,TRUNK,14009.0,75009.0,08-10,08-12,10-13,07-15,
388,655,1,SBST,CITY_LINK,20129.0,3391.0,15-15,-,-,-,
389,655,2,SBST,CITY_LINK,3539.0,20121.0,-,-,15-15,-,
390,660,1,SBST,EXPRESS,66481.0,3218.0,06-07,-,-,-,
391,660,2,SBST,EXPRESS,3241.0,66489.0,-,-,15-15,-,
392,69,1,SBST,TRUNK,75009.0,75009.0,06-08,05-12,06-09,09-13,Bedok Nth Dr
393,6N,1,SBST,NIGHT SERVICE,2099.0,65201.0,-,-,-,30-30,
394,7,1,SBST,TRUNK,84009.0,17009.0,09-11,06-12,09-14,09-12,
395,7,2,SBST,TRUNK,17009.0,84009.0,09-11,07-14,07-12,08-13,
396,70,1,SBST,TRUNK,55509.0,3239.0,06-07,07-12,06-07,-,
397,70,2,SBST,TRUNK,3239.0,55509.0,08-12,07-13,07-09,09-09,
398,70A,1,SBST,TRUNK,55509.0,2171.0,-,-,-,15-15,Temasek Ave
399,70B,1,SBST,TRUNK,55101.0,66359.0,13-32,58-58,-,-,
400,70M,1,SBST,TRUNK,55509.0,55509.0,14-15,14-15,14-14,14-15,Temasek Ave
401,71,1,SBST,TRUNK,55509.0,55509.0,12-12,15-15,12-15,12-15,Bishan St 11
402,72,1,SBST,TRUNK,55509.0,75009.0,03-10,02-12,04-06,08-14,
403,72,2,SBST,TRUNK,75009.0,55509.0,05-08,02-12,02-07,04-13,
404,72A,1,SBST,TRUNK,55509.0,64549.0,11-48,-,-,-,
405,72B,1,SBST,TRUNK,55509.0,54481.0,02-03,02-04,-,-,
406,73,1,SBST,TRUNK,54009.0,54009.0,10-14,10-12,10-13,11-13,Lor 6 Toa Payoh
407,73A,1,SBST,TRUNK,54009.0,52009.0,-,-,-,10-10,Lor 6 Toa Payoh
408,74,1,SBST,TRUNK,64009.0,11379.0,05-13,04-14,05-10,09-13,
409,74,2,SBST,TRUNK,11379.0,64009.0,07-13,04-14,07-09,10-12,
410,74e,1,SBST,EXPRESS,64009.0,11379.0,15-15,-,-,-,
411,74e,2,SBST,EXPRESS,11379.0,64009.0,-,-,15-15,-,
412,76,1,SBST,TRUNK,55509.0,82009.0,10-11,11-14,10-14,14-15,
413,76,2,SBST,TRUNK,82009.0,55509.0,09-11,10-14,10-11,10-15,
414,7A,1,SBST,TRUNK,84009.0,9022.0,20-22,17-35,19-28,25-35,
415,7B,1,SBST,TRUNK,17009.0,8057.0,16-23,14-30,20-23,28-32,
416,8,1,SBST,TRUNK,75009.0,52009.0,04-07,04-13,06-08,07-14,
417,8,2,SBST,TRUNK,52009.0,75009.0,05-07,05-14,06-07,06-16,
418,80,1,SBST,TRUNK,67009.0,14009.0,05-16,08-18,13-17,13-17,
419,80,2,SBST,TRUNK,14009.0,67009.0,08-14,12-20,10-17,13-17,
420,800,1,SBST,FEEDER,59009.0,59009.0,05-07,05-08,05-06,05-09,Sembawang Rd
421,803,1,SBST,FEEDER,59009.0,59009.0,05-07,06-08,04-08,04-08,Yishun Ave 6
422,804,1,SBST,FEEDER,59009.0,59009.0,05-05,05-06,04-06,05-10,Yishun Ave 11
423,805,1,SBST,FEEDER,59009.0,59009.0,06-06,07-09,06-08,06-10,Yishun Ave 1
424,806,1,SBST,FEEDER,59009.0,59009.0,03-05,04-05,03-05,04-11,Yishun Ave 6
425,807,1,SBST,FEEDER,59009.0,59009.0,04-05,03-07,03-05,04-13,Yishun St 71
426,807A,1,SBST,FEEDER,59009.0,59569.0,05-31,05-05,-,-,
427,80A,1,SBST,TRUNK,67009.0,81089.0,12-28,16-27,-,-,
428,81,1,SBST,TRUNK,75009.0,75009.0,10-12,07-12,07-14,13-18,S'goon Ctrl
429,811,1,SBST,FEEDER,59009.0,59009.0,04-06,04-07,04-06,04-07,Yishun Ave 5
430,811A,1,SBST,FEEDER,59009.0,59159.0,-,-,04-16,08-25,Sembawang Rd
431,812,1,SBST,FEEDER,59009.0,59009.0,05-06,04-07,06-07,06-12,Yishun Ave 4
432,850E,1,SBST,EXPRESS,59581.0,3218.0,05-08,-,-,-,
433,850E,2,SBST,EXPRESS,3222.0,59579.0,-,-,15-15,-,
434,851,1,SBST,TRUNK,59009.0,10009.0,08-09,08-10,10-12,10-12,
435,851,2,SBST,TRUNK,10009.0,59009.0,09-10,08-12,08-09,10-11,
436,851e,1,SBST,EXPRESS,59009.0,5019.0,20-30,20-30,20-30,20-30,
437,851e,2,SBST,EXPRESS,5012.0,59009.0,20-20,20-30,20-20,30-30,
438,852,1,SBST,TRUNK,59009.0,43009.0,11-13,12-14,12-13,12-14,
439,852,2,SBST,TRUNK,43009.0,59009.0,12-13,12-14,12-13,12-13,
440,86,1,SBST,TRUNK,67009.0,54009.0,08-12,08-13,08-11,10-15,
441,86,2,SBST,TRUNK,54009.0,67009.0,11-14,08-13,08-12,10-17,
442,860,1,SBST,TRUNK,59009.0,59009.0,10-10,12-12,09-12,09-12,Ang Mo Kio Ave 8
443,87,1,SBST,TRUNK,67009.0,84009.0,04-07,03-14,04-09,04-17,
444,87,2,SBST,TRUNK,84009.0,67009.0,04-09,03-14,04-15,15-17,
445,88,1,SBST,TRUNK,77009.0,52009.0,06-09,06-13,07-10,08-13,
446,88,2,SBST,TRUNK,52009.0,77009.0,08-10,05-14,06-09,09-14,
447,88A,1,SBST,TRUNK,65069.0,54269.0,15-15,-,-,-,
448,88B,1,SBST,TRUNK,54261.0,66471.0,11-29,-,-,-,
449,89,1,SBST,TRUNK,64009.0,64009.0,07-12,07-15,09-16,14-16,Airport Cargo Rd
450,89A,1,SBST,TRUNK,77289.0,95039.0,26-34,-,-,-,Airport Cargo Rd
451,89e,1,SBST,EXPRESS,64009.0,95049.0,11-12,-,-,-,
452,89e,2,SBST,EXPRESS,95051.0,64009.0,-,-,12-12,-,
453,9,1,SBST,TRUNK,84009.0,84009.0,05-09,06-12,07-15,12-23,Airport Cargo Rd
454,90,1,SBST,TRUNK,52009.0,52009.0,17-19,10-26,9-16,19-32,Airport Rd
455,90A,1,SBST,TRUNK,52009.0,71189.0,13-46,17-17,-,-,Airport Rd
456,91,1,SBST,TRUNK,11379.0,11389.0,8-15,08-19,10-11,10-12,Ayer Rajah Cres
457,92,1,SBST,TRUNK,11009.0,11009.0,10-14,5-23,6-12,9-10,Science Pk Dr
458,92A,1,SBST,TRUNK,11009.0,11351.0,-,-,05-42,20-20,Science Pk Dr
459,92B,1,SBST,TRUNK,11009.0,18281.0,04-31,06-57,-,15-15,
460,92M,1,SBST,TRUNK,11009.0,11009.0,11-13,12-13,12-13,-,Nth Buona Vista Rd
461,93,1,SBST,TRUNK,14009.0,82009.0,13-15,10-18,11-14,14-19,
462,93,2,SBST,TRUNK,82009.0,14009.0,11-13,13-19,14-15,13-16,
463,94,1,SBST,TRUNK,82009.0,82009.0,9-24,9-26,14-17,14-14,Airport Rd
464,94A,1,SBST,TRUNK,82009.0,73019.0,11-12,-,-,-,Airport Rd
465,95,1,SBST,TRUNK,16009.0,16009.0,09-10,07-12,07-18,11-15,Holland Rd
466,95B,1,SBST,TRUNK,16009.0,11361.0,-,-,27-37,-,
467,99,1,SBST,TRUNK,17009.0,24009.0,06-07,05-12,05-09,08-12,
468,99,2,SBST,TRUNK,24009.0,17009.0,06-08,05-11,07-08,07-12,
469,9A,1,SBST,TRUNK,84009.0,98011.0,-,-,-,34-34,
470,CT18,1,SBST,FLAT FARE $2.00,84211.0,10499.0,-,28-38,-,-,
471,CT18,2,SBST,FLAT FARE $2.00,10499.0,84219.0,-,27-32,-,-,
472,CT8,1,SBST,FLAT FARE $2.00,55159.0,10499.0,-,11-36,-,-,
473,CT8,2,SBST,FLAT FARE $2.00,10499.0,55151.0,-,20-35,-,-,
474,110,1,SMRT,TRUNK,67759.0,67759.0,09-10,08-12,11-13,10-13,PTB2 Basement
475,167,1,SMRT,TRUNK,58009.0,10009.0,10,09-15,15-16,13-15,
476,167,2,SMRT,TRUNK,10009.0,58009.0,12-14,08-15,08-16,12-16,
477,167e,1,SMRT,EXPRESS,58009.0,3218.0,20-30,30,30,30,
478,167e,2,SMRT,EXPRESS,3223.0,58009.0,30,30,20-30,20-30,
479,169,1,SMRT,TRUNK,46009.0,54009.0,02-08,05-09,06-07,10,
480,169,2,SMRT,TRUNK,54009.0,46009.0,06-08,05-09,05-07,06-10,
481,169A,1,SMRT,TRUNK,46009.0,59073.0,17,-,-,-,
482,169B,1,SMRT,TRUNK,46009.0,46711.0,33,-,-,-,
483,171,1,SMRT,TRUNK,59009.0,2089.0,10-13,10-14,10-15,11-15,
484,171,2,SMRT,TRUNK,2099.0,59009.0,10-11,10-13,10-11,11-13,
485,172,1,SMRT,TRUNK,44009.0,22009.0,06-07,05-14,07-09,10-12,
486,172,2,SMRT,TRUNK,22009.0,44009.0,06-07,05-14,07-09,09-14,
487,176,1,SMRT,TRUNK,45009.0,10009.0,06-09,06-11,10-11,09-15,
488,176,2,SMRT,TRUNK,10009.0,45009.0,08-09,07-12,07-08,08-13,
489,178,1,SMRT,TRUNK,46009.0,22009.0,06-14,07-15,14-16,14-17,
490,178,2,SMRT,TRUNK,22009.0,46009.0,14-15,12-15,14-15,15-17,
491,178A,1,SMRT,TRUNK,46009.0,45139.0,14-42,-,-,-,
492,180,1,SMRT,TRUNK,22009.0,22009.0,04-09,08-13,05-11,10-12,Bt Panjang Rd
493,180A,1,SMRT,TRUNK,22009.0,44259.0,-,-,24-52,10,
494,184,1,SMRT,TRUNK,481.0,481.0,06-08,06-09,06-09,07-11,C'wealth Ave West
495,187,1,SMRT,TRUNK,46009.0,22009.0,07-09,05-11,07-13,09-13,
496,187,2,SMRT,TRUNK,22009.0,46009.0,06-08,06-10,06-09,07-13,
497,188,1,SMRT,TRUNK,44009.0,14009.0,05-10,07-16,07-13,13-14,
498,188,2,SMRT,TRUNK,14009.0,44009.0,09-14,07-16,07-08,08-14,
499,188e,1,SMRT,EXPRESS,44009.0,14009.0,15,-,-,-,
500,188R,1,SMRT,EXPRESS,44009.0,14519.0,35,30-35,30-33,27-31,
501,188R,2,SMRT,EXPRESS,14519.0,44009.0,-,30-33,28-33,30-33,
502,190,1,SMRT,TRUNK,44009.0,10499.0,02-05,04-07,06-07,07-11,
503,190,2,SMRT,TRUNK,10499.0,44009.0,08-11,04-07,04-06,05-08,
504,190A,1,SMRT,TRUNK,44009.0,8057.0,04-24,-,-,-,
505,300,1,SMRT,FEEDER,44009.0,44009.0,04-05,03-06,04,04-10,Choa Chu Kang Ave 3
506,301,1,SMRT,FEEDER,44009.0,44009.0,06-08,06-09,06-08,07-10,Keat Hong Cl
507,302,1,SMRT,FEEDER,44009.0,44009.0,03-05,04-06,04-06,06-10,Choa Chu Kang Cres
508,302A,1,SMRT,FEEDER,45321.0,45329.0,06-13,-,06-24,-,
509,307,1,SMRT,FEEDER,44009.0,44009.0,05-07,04-09,06-07,07-12,Choa Chu Kang St 62
510,307,2,SMRT,FEEDER,,,05-07,04-09,06-07,07-12,Choa Chu Kang St 62
511,307A,1,SMRT,FEEDER,44009.0,44531.0,10-15,10-32,10-12,10-34,Choa Chu Kang St 62
512,61,1,SMRT,TRUNK,43009.0,82009.0,07-09,09-14,10-13,10-15,
513,61,2,SMRT,TRUNK,82009.0,43009.0,08-13,09-15,08-15,11-15,
514,653,1,SMRT,CITY_LINK,43811.0,3391.0,10,-,-,-,
515,653,2,SMRT,CITY_LINK,3539.0,43268.0,-,-,15,-,
516,656,1,SMRT,EXPRESS,58121.0,3218.0,10,-,-,-,
517,656,2,SMRT,EXPRESS,3241.0,58129.0,-,-,15,-,
518,657,1,SMRT,CITY_LINK,28539.0,3391.0,15,-,-,-,
519,657,2,SMRT,CITY_LINK,3539.0,28531.0,-,-,15,-,
520,67,1,SMRT,TRUNK,44009.0,75009.0,06-09,07-12,08-11,09-13,
521,67,2,SMRT,TRUNK,75009.0,44009.0,07-09,06-11,08-12,09-12,
522,67A,1,SMRT,TRUNK,44009.0,41049.0,-,77,-,-,
523,67W,1,SMRT,TRUNK,75009.0,40011.0,-,77,-,-,
524,700,1,SMRT,TRUNK,481.0,3218.0,04-10,10-13,10-12,-,
525,700,2,SMRT,TRUNK,3239.0,481.0,13,09-13,10-11,11,
526,700A,1,SMRT,TRUNK,481.0,481.0,11-12,11-12,12,10-13,Temasek Ave
527,75,1,SMRT,TRUNK,481.0,2089.0,04-09,08-14,11-14,13-16,
528,75,2,SMRT,TRUNK,2099.0,481.0,09-12,07-13,08-15,13-15,
529,75A,1,SMRT,TRUNK,481.0,12099.0,-,-,-,-,
530,825,1,SMRT,TRUNK,55509.0,55509.0,08-11,10-20,09-13,09-10,Lentor Loop
531,853,1,SMRT,TRUNK,59009.0,80009.0,10-14,09-15,10-15,14-18,
532,853,2,SMRT,TRUNK,80009.0,59009.0,10-14,10-16,10-13,16-18,
533,853C,1,SMRT,TRUNK,59009.0,94009.0,11-13,09-14,12-14,14-15,
534,853C,2,SMRT,TRUNK,94009.0,59009.0,12-18,10-15,12-14,13-15,
535,854,1,SMRT,TRUNK,59009.0,84009.0,05-07,05-11,07,07-12,
536,854,2,SMRT,TRUNK,84009.0,59009.0,04-08,05-11,06-07,07-13,
537,854e,1,SMRT,EXPRESS,59009.0,84009.0,15-24,-,-,-,
538,855,1,SMRT,TRUNK,59009.0,14009.0,10-11,10-15,13-15,12-15,
539,855,2,SMRT,TRUNK,14009.0,59009.0,12-13,09-14,12-13,12-14,
540,856,1,SMRT,TRUNK,59009.0,46009.0,05-06,05-10,05-07,05-11,
541,856,2,SMRT,TRUNK,46009.0,59009.0,04-06,05-11,03-07,02-11,
542,856A,1,SMRT,TRUNK,46009.0,46069.0,-,-,30-40,-,
543,857,1,SMRT,TRUNK,59009.0,59009.0,03-07,05-09,06-10,08-10,Temasek Ave
544,857A,1,SMRT,TRUNK,59009.0,55081.0,12,-,-,-,
545,858,1,SMRT,TRUNK,46009.0,46009.0,05-09,05-09,05-09,06-10,PTB2 Basement
546,858A,1,SMRT,TRUNK,46009.0,59073.0,-,-,-,11,
547,859,1,SMRT,TRUNK,58009.0,58009.0,08-10,08-12,10-11,12-13,Yishun Temp Int
548,859A,1,SMRT,TRUNK,58009.0,58009.0,08-20,08-36,10-22,12-25,Admiralty Link
549,859B,1,SMRT,TRUNK,58009.0,58009.0,08-24,08-25,09-22,11-24,Sembawang Cres
550,860A,1,SMRT,TRUNK,59009.0,59569.0,04-10,-,-,-,
551,868E,1,SMRT,EXPRESS,43581.0,2161.0,15,-,-,-,
552,882,1,SMRT,TRUNK,58009.0,58009.0,13-17,13-17,14-18,12-17,Sembawang Rd
553,882A,1,SMRT,TRUNK,58009.0,58501.0,-,-,20-41,-,
554,883,1,SMRT,TRUNK,58009.0,58009.0,07-09,09-13,07-12,07-20,Yishun Ctrl 2
555,883B,1,SMRT,TRUNK,59079.0,58539.0,-,-,-,22-26,
556,900,1,SMRT,FEEDER,46009.0,46009.0,06-08,05-09,08,06-15,Woodlands Dr 14
557,900A,1,SMRT,FEEDER,46009.0,46009.0,06-08,06-09,08-10,-,Woodlands Dr 17
558,901,1,SMRT,FEEDER,46009.0,46009.0,02-08,06-12,08-09,08-15,Woodlands Ave 6
559,902,1,SMRT,FEEDER,46009.0,46269.0,03-09,02-07,-,-,
560,903,1,SMRT,FEEDER,46009.0,46009.0,05-09,06-09,06-08,07-14,Woodlands Ctr Rd
561,903M,1,SMRT,FEEDER,46009.0,46009.0,24,-,21-22,-,Marsiling Lane
562,904,1,SMRT,FEEDER,46009.0,46009.0,09-10,09-13,09-13,11-15,Woodlands Cres
563,911,1,SMRT,FEEDER,46009.0,46009.0,02-06,05-11,04-06,02-12,Woodlands Ave 2
564,912,1,SMRT,FEEDER,46009.0,46009.0,23-27,21-25,22-25,19-25,Woodlands Ave 7
565,912A,1,SMRT,FEEDER,46009.0,46008.0,05-06,07-09,06-09,06-10,Woodlands Ave 7
566,912B,1,SMRT,FEEDER,46008.0,46009.0,01-12,08-11,04-11,08-11,Woodlands Ctr Rd
567,912M,1,SMRT,FEEDER,46008.0,46009.0,20,-,20,-,Woodlands St 41
568,913,1,SMRT,FEEDER,46009.0,46009.0,03-07,02-07,02-07,03-10,Woodlands Circle
569,913,2,SMRT,FEEDER,,,03-07,02-07,02-07,03-10,Woodlands Circle
570,913M,1,SMRT,FEEDER,46009.0,46009.0,15-20,15-20,15-20,20,Woodlands St 13
571,920,1,SMRT,FEEDER,45009.0,45009.0,06,05-09,05-07,06-11,Bangkit Rd
572,922,1,SMRT,FEEDER,45009.0,45009.0,06-08,06-10,06-07,07-11,Bangkit Rd
573,925,1,SMRT,TRUNK,46009.0,44009.0,07-10,07-14,11-13,11,
574,925,2,SMRT,TRUNK,44009.0,46009.0,09-11,09-14,09,09-10,
575,925C,1,SMRT,TRUNK,46009.0,46009.0,10-11,10-12,10-13,13,Neo Tiew Cres
576,926,1,SMRT,TRUNK,46009.0,46009.0,-,-,-,10-15,Mandai Lake Rd
577,927,1,SMRT,TRUNK,44009.0,44009.0,13,12-17,13-14,13-18,Mandai Lake Rd
578,944,1,SMRT,FEEDER,43009.0,43009.0,12,13-16,12,15-16,Bt Batok Rd
579,950,1,SMRT,TRUNK,46009.0,46009.0,11-12,09-13,11-13,11-12,Jln Jim Quee
580,951E,1,SMRT,EXPRESS,46449.0,3218.0,06-08,-,-,-,
581,951E,2,SMRT,EXPRESS,3222.0,46441.0,-,-,15,-,
582,960,1,SMRT,TRUNK,46009.0,2099.0,08-09,08-12,10-12,10-11,
583,960,2,SMRT,TRUNK,2099.0,46009.0,10-11,08-11,08-09,09-11,
584,960e,1,SMRT,EXPRESS,46009.0,2099.0,20-30,30,30,30,
585,960e,2,SMRT,EXPRESS,2099.0,46009.0,30,30,20-30,20-30,
586,961,1,SMRT,TRUNK,46009.0,80009.0,07-11,07-15,11-15,12-15,
587,961,2,SMRT,TRUNK,80009.0,46009.0,11-13,08-13,08-12,11-16,
588,961C,1,SMRT,TRUNK,46009.0,80009.0,12-14,10-12,11-14,14-15,
589,961C,2,SMRT,TRUNK,80009.0,46009.0,14,08-13,13-14,14-16,
590,962,1,SMRT,TRUNK,46009.0,46009.0,07-08,05-10,07-08,09-10,Admiralty St
591,962B,1,SMRT,TRUNK,58259.0,58251.0,29-31,-,26-34,-,
592,962C,1,SMRT,TRUNK,47571.0,47591.0,08-09,-,-,-,
593,963,1,SMRT,TRUNK,46009.0,14009.0,06-13,05-14,07-13,12-15,
594,963,2,SMRT,TRUNK,14009.0,46009.0,08-15,06-13,06-08,08-13,
595,963e,1,SMRT,EXPRESS,46009.0,14009.0,20,-,-,-,
596,963e,2,SMRT,EXPRESS,14009.0,46009.0,-,-,30,-,
597,963R,1,SMRT,EXPRESS,46009.0,14519.0,32-35,30-33,32-33,32-35,
598,963R,2,SMRT,EXPRESS,14519.0,46009.0,-,27-33,30-31,30-33,
599,964,1,SMRT,TRUNK,46009.0,46009.0,04-05,04-08,04-06,05-11,Nth Woodlands Link
600,965,1,SMRT,TRUNK,46009.0,46009.0,04-12,08-14,09-10,10-17,Sengkang Sq
601,965A,1,SMRT,TRUNK,46009.0,59073.0,08-10,-,-,-,
602,966,1,SMRT,TRUNK,46009.0,46009.0,06-10,07-14,07-16,15-17,Marine Parade Rd
603,969,1,SMRT,TRUNK,46009.0,75009.0,04-08,05-10,05-09,09-12,
604,969,2,SMRT,TRUNK,75009.0,46009.0,03-07,05-10,05-07,03-10,
605,969A,1,SMRT,TRUNK,75009.0,59079.0,-,-,08-13,,
606,970,1,SMRT,TRUNK,45009.0,3218.0,11-16,10-16,10-16,16-17,
607,970,2,SMRT,TRUNK,3239.0,45009.0,13-14,10-15,10-11,11-16,
608,971E,1,SMRT,EXPRESS,481.0,3021.0,06-07,-,-,-,
609,971E,2,SMRT,EXPRESS,3223.0,481.0,-,-,10-15,-,
610,972,1,SMRT,TRUNK,45009.0,45009.0,04-05,04-10,05-08,08-10,Bencoolen St
611,972A,1,SMRT,TRUNK,45009.0,8057.0,-,-,-,15,
612,973,1,SMRT,TRUNK,45009.0,45009.0,10-13,12,10-12,10-15,Hume Ave
613,973A,1,SMRT,TRUNK,45009.0,44229.0,-,-,-,20,
614,975,1,SMRT,TRUNK,45009.0,45009.0,07,07-11,06-09,09-12,Lim Chu Kang Rd
615,975B,1,SMRT,TRUNK,44531.0,33041.0,12-44,-,08-28,09-80,
616,979,1,SMRT,TRUNK,45009.0,45009.0,04-06,05-08,05-06,06-09,Choa Chu Kang Cres
617,980,1,SMRT,TRUNK,58009.0,80009.0,12-15,14-17,14-18,15-18,
618,980,2,SMRT,TRUNK,80009.0,58009.0,15-16,14-17,16-17,14-16,
619,981,1,SMRT,TRUNK,58009.0,47199.0,12-15,13-15,-,-,
620,981,2,SMRT,TRUNK,47121.0,58009.0,-,-,18-20,17-20,
621,982E,1,SMRT,EXPRESS,44589.0,3391.0,15,-,-,-,
622,982E,2,SMRT,EXPRESS,3539.0,44581.0,-,-,15,-,
623,983,1,SMRT,TRUNK,44009.0,44009.0,05-06,06-08,05-07,06-09,Jelebu Rd
624,983A,1,SMRT,TRUNK,44009.0,44131.0,-,-,-,15-20,
625,985,1,SMRT,TRUNK,44009.0,80009.0,08-10,09-11,11,11-12,
626,985,2,SMRT,TRUNK,80009.0,44009.0,09-10,09-13,10,11-12,
627,991,1,SMRT,TRUNK,43009.0,44009.0,10-12,11-13,10-12,10-15,
628,991,2,SMRT,TRUNK,44009.0,43009.0,10-12,12-13,10-12,10-19,
629,991A,1,SMRT,TRUNK,43009.0,43341.0,-,-,-,15,
630,991B,1,SMRT,TRUNK,44009.0,44099.0,-,-,-,18-19,
631,BPS1,1,SMRT,TRUNK,44699.0,44009.0,20,-,-,-,
632,BPS1,2,SMRT,TRUNK,44539.0,44691.0,-,-,20,-,
633,NR1,1,SMRT,NIGHT RIDER,14519.0,59561.0,-,-,-,25-25,Yishun Ring Rd
634,NR2,1,SMRT,NIGHT RIDER,2099.0,58291.0,-,-,-,30-30,Sembawang Dr
635,NR3,1,SMRT,NIGHT RIDER,5029.0,44009.0,-,-,-,30,
636,NR5,1,SMRT,NIGHT RIDER,2099.0,22449.0,-,-,-,30,
637,NR6,1,SMRT,NIGHT RIDER,14519.0,67171.0,-,-,-,29-29,Anchorvale Dr
638,NR7,1,SMRT,NIGHT RIDER,2099.0,98029.0,-,-,-,29,
639,NR8,1,SMRT,NIGHT RIDER,2099.0,43609.0,-,-,-,29-29,Bt Batok West Ave 5
640,106,1,TTS,TRUNK,43009.0,3218.0,06-09,06-12,10-10,10-13,
641,106,2,TTS,TRUNK,3239.0,43009.0,08-10,07-12,07-12,11-12,
642,106A,1,TTS,TRUNK,43009.0,17179.0,13-45,-,-,-,
643,143,1,TTS,TRUNK,52009.0,28009.0,08-09,08-13,10-14,13-14,
644,143,2,TTS,TRUNK,28009.0,52009.0,08-10,08-13,12-13,12-13,
645,143M,1,TTS,TRUNK,28009.0,28009.0,13-15,14-16,14-16,14-16,Pandan Gdns
646,173,1,TTS,TRUNK,43009.0,43009.0,08-12,09-14,09-10,15-15,Clementi Ave 3
647,173A,1,TTS,TRUNK,43009.0,43169.0,-,-,-,15-15,Bt Batok East Ave 4
648,177,1,TTS,TRUNK,43009.0,43009.0,13-15,12-15,12-12,-,Jelebu Rd
649,183,1,TTS,TRUNK,28009.0,28009.0,05-08,05-15,06-09,16-19,Science Pk Rd
650,183B,1,TTS,TRUNK,28009.0,28189.0,03-08,03-13,-,-,
651,189,1,TTS,TRUNK,43009.0,43009.0,06-08,05-11,07-11,10-12,Clementi Ave 1
652,189A,1,TTS,TRUNK,43009.0,43319.0,06-15,07-13,-,15-20,Bt Batok St 23
653,282,1,TTS,FEEDER,17009.0,17009.0,08-10,10-12,07-10,08-12,Clementi West St 2
654,284,1,TTS,FEEDER,17009.0,17009.0,05-06,06-08,04-06,04-07,Clementi Ave 4
655,285,1,TTS,FEEDER,17009.0,17009.0,05-06,05-12,05-06,06-14,Pandan Loop
656,333,1,TTS,FEEDER,28009.0,28009.0,07-09,08-12,08-08,08-12,Jurong East St 32
657,334,1,TTS,FEEDER,28009.0,28009.0,05-06,06-10,05-06,05-12,Jurong West St 42
658,335,1,TTS,FEEDER,28009.0,28009.0,07-08,07-13,07-08,07-14,Jurong West St 41
659,41,1,TTS,TRUNK,28009.0,28009.0,10-12,13-15,11-15,12-15,Jln Anak Bt
660,49,1,TTS,TRUNK,28009.0,28009.0,09-10,10-14,09-14,10-12,Jurong West St 42
661,66,1,TTS,TRUNK,84009.0,28009.0,09-11,10-17,12-16,15-16,
662,66,2,TTS,TRUNK,28009.0,84009.0,09-12,10-16,12-16,10-16,
663,663,1,TTS,EXPRESS,59591.0,3218.0,15 -15,-,-,-,
664,663,2,TTS,EXPRESS,3241.0,59599.0,-,-,15 -15,-,
665,665,1,TTS,EXPRESS,46141.0,3218.0,08 -08,-,-,-,
666,665,2,TTS,EXPRESS,3241.0,46149.0,-,-,15 -15,-,
667,66A,1,TTS,TRUNK,84009.0,40011.0,-,-,-,-,
668,66B,1,TTS,TRUNK,60139.0,28009.0,-,-,-,-,
669,66B,2,TTS,TRUNK,28009.0,7031.0,-,-,-,-,
670,77,1,TTS,TRUNK,43009.0,2099.0,10-11,11-12,11-14,10-15,
671,77,2,TTS,TRUNK,2099.0,43009.0,11-14,10-12,12-13,13-15,
672,78,1,TTS,TRUNK,28009.0,28009.0,06-08,06-15,07-08,11-15,Clementi Ave 3
673,78A,1,TTS,TRUNK,28009.0,29121.0,03-08,-,-,-,Tg Penjuru
674,79,1,TTS,TRUNK,28009.0,28009.0,06-10,08-18,08-12,15-17,Jurong West Ctrl 3
675,79A,1,TTS,TRUNK,28009.0,22009.0,-,-,-,15-15,
676,941,1,TTS,FEEDER,43009.0,43009.0,06-07,07-10,06-07,06-12,Bukit Batok West Avenue 9
677,945,1,TTS,FEEDER,43009.0,43009.0,06-09,07-10,06-07,06-15,Bt Batok St 34
678,947,1,TTS,FEEDER,43009.0,43009.0,05-09,08-09,06-08,06-09,Bt Batok Rd
679,96,1,TTS,TRUNK,17009.0,17009.0,06-07,05-13,05-07,05-10,Kent Ridge Cres
680,96A,1,TTS,TRUNK,17009.0,16169.0,08-10,03-09,-,-,
681,96B,1,TTS,TRUNK,17009.0,17171.0,-,06-19,05-19,-,
682,97,1,TTS,TRUNK,28009.0,2099.0,09-10,06-13,06-13,13-14,
683,97,2,TTS,TRUNK,2099.0,28009.0,10-11,07-14,09-10,13-13,
684,974,1,TTS,TRUNK,44029.0,24009.0,15-15,15-15,15-15,15-15,
685,974,2,TTS,TRUNK,24009.0,44031.0,15-15,15-15,15-15,15-15,
686,974A,1,TTS,TRUNK,44029.0,44539.0,-,-,-,08-15,
687,97e,1,TTS,EXPRESS,28009.0,2099.0,12-12,-,-,-,
688,97e,2,TTS,EXPRESS,2099.0,28009.0,-,-,12-12,-,
689,98,1,TTS,TRUNK,28009.0,28009.0,05-08,06-16,08-10,10-20,Jurong Pier Way
690,98A,1,TTS,TRUNK,28091.0,21179.0,-,-,06-10,10-20,
691,98B,1,TTS,TRUNK,28501.0,21099.0,05-09,-,-,-,
692,98M,1,TTS,TRUNK,28009.0,28009.0,-,14-18,-,14-18,Corporation Rd
693,990,1,TTS,TRUNK,43009.0,43009.0,12-12,12-12,12-12,12-13,Jurong Gateway Rd
694,225,1,SBST,FEEDER,84009.0,84009.0,03-05,03-13,03-06,04-12,Bedok North St 3
695,225,2,SBST,FEEDER,84009.0,84009.0,04-06,05-09,04-07,04-10,Bedok North St 3
696,243,1,SBST,FEEDER,22009.0,22009.0,05-06,03-06,04-04,04-08,Jurong West Ave 5
697,243,2,SBST,FEEDER,22009.0,22009.0,05-08,03-07,03-05,03-10,Jurong West Ave 5
698,410,1,SBST,FEEDER,53009.0,53009.0,05-06,05-10,04-05,04-12,Shunfu Road
699,410,2,SBST,FEEDER,53009.0,53009.0,05-06,05-12,06-06,06-14,Shunfu Road
700,533,1,SBST,FLAT FARE $4.20,28009.0,3011.0,10-10,-,-,-,
701,534,1,SBST,FLAT FARE $4.20,63219.0,3011.0,-,-,-,-,
702,535,1,SBST,FLAT FARE $4.20,52371.0,3011.0,-,-,-,-,
703,536,1,SBST,FLAT FARE $4.50,22009.0,3011.0,-,-,-,-,
704,538,1,SBST,FLAT FARE $4.50,77009.0,3011.0,10-10,-,-,-,
705,539,1,SBST,FLAT FARE $4.50,77009.0,3011.0,10-10,-,-,-,
706,552,1,SBST,FLAT FARE $4.50,75009.0,3011.0,-,-,-,-,
707,553,1,SBST,FLAT FARE $4.50,75009.0,3011.0,-,-,-,-,
708,560,1,SBST,FLAT FARE $4.20,12169.0,3011.0,05-05,-,-,-,
709,561,1,SBST,FLAT FARE $4.00,70059.0,3011.0,-,-,-,-,
710,563,1,SBST,FLAT FARE $4.20,42011.0,3011.0,-,-,-,-,
711,564,1,SBST,FLAT FARE $4.00,41119.0,3011.0,05-05,-,-,-,
712,565,1,SBST,FLAT FARE $4.00,52471.0,3011.0,-,-,-,-,
713,569,1,SBST,FLAT FARE $4.50,65009.0,3011.0,-,-,-,-,
714,585,1,SBST,FLAT FARE $4.20,82009.0,3011.0,10-10,-,-,-,
715,761,1,SBST,FLAT FARE $4.20,56251.0,3011.0,10-10,-,-,-,
716,529,1,SMRT,FLAT FARE $2.70,55509.0,55509.0,-,-,25,25,
717,530,1,SMRT,FLAT FARE $3.50,13051.0,3218.0,15,-,-,-,
718,531,1,SMRT,FLAT FARE $5.00,96129.0,3218.0,04-08,-,-,-,
719,531,2,SMRT,FLAT FARE $5.00,3222.0,96121.0,-,-,15,-,
720,546,1,SMRT,FLAT FARE $3.50,60221.0,3218.0,-,-,-,-,
721,587,1,SMRT,FLAT FARE $5.00,46861.0,3218.0,-,-,-,-,
722,588,1,SMRT,FLAT FARE $4.00,53369.0,3218.0,-,-,-,-,
723,589,1,SMRT,FLAT FARE $4.00,17429.0,3011.0,-,-,-,-,
724,590,1,SMRT,FLAT FARE $5.00,45421.0,3218.0,10,-,-,-,
725,598,1,SMRT,FLAT FARE $5.00,44859.0,3218.0,10,-,-,-,
726,599,1,SMRT,FLAT FARE $5.00,64449.0,3218.0,-,-,-,-,
727,3A,1,GAS,TRUNK,75009.0,77331.0,00-00,12-75,08-37,12-99,
728,36B,1,GAS,TRUNK,93049.0,93199.0,8-8,9-99,09-09,-,Tomlinson Rd
